gene	position	aa
S	211	-
S	234	Q
S	337	H
S	337	L
S	337	R
S	337	T
S	340	A
S	340	G
S	340	K
S	340	Q
S	340	V
S	346	K
S	346	S
S	356	T
S	371	F
S	371	L
S	373	P
S	375	F
S	377	K
S	405	N
S	406	D
S	406	W
S	408	S
S	417	E
S	417	N
S	417	R
S	417	T
S	420	N
S	439	K
S	440	K
S	444	L
S	444	M
S	444	N
S	444	Q
S	444	T
S	445	A
S	445	E
S	445	G
S	445	I
S	445	L
S	445	T
S	446	S
S	446	V
S	449	N
S	450	D
S	452	Q
S	452	R
S	453	F
S	455	F
S	455	R
S	456	A
S	456	K
S	456	R
S	456	V
S	460	K
S	460	S
S	460	T
S	460	Y
S	475	R
S	475	V
S	476	S
S	478	K
S	483	A
S	484	A
S	484	D
S	484	G
S	484	K
S	484	Q
S	485	D
S	486	K
S	486	L
S	486	R
S	486	S
S	486	V
S	487	R
S	489	H
S	490	L
S	490	S
S	493	E
S	493	K
S	493	L
S	493	R
S	494	P
S	494	R
S	496	R
S	496	S
S	498	H
S	498	R
S	499	R
S	499	S
S	501	T
S	501	Y
S	505	H
S	655	Y
S	856	K
S	969	K
